challenge_data_0.txt,C
challenge_data_1.txt,E
challenge_data_2.txt,C
challenge_data_3.txt,E
challenge_data_4.txt,E
challenge_data_5.txt,C
challenge_data_6.txt,E
challenge_data_7.txt,D
challenge_data_8.txt,D
challenge_data_9.txt,B
challenge_data_10.txt,C
challenge_data_11.txt,D
challenge_data_12.txt,E
challenge_data_13.txt,B
challenge_data_14.txt,A
challenge_data_15.txt,D
challenge_data_16.txt,B
challenge_data_17.txt,C
challenge_data_18.txt,E
challenge_data_19.txt,B
challenge_data_20.txt,C
challenge_data_21.txt,C
challenge_data_22.txt,E
challenge_data_23.txt,C
challenge_data_24.txt,C
challenge_data_25.txt,C
challenge_data_26.txt,B
challenge_data_27.txt,A
challenge_data_28.txt,A
challenge_data_29.txt,E
challenge_data_30.txt,E
challenge_data_31.txt,E
challenge_data_32.txt,A
challenge_data_33.txt,A
challenge_data_34.txt,C
challenge_data_35.txt,A
challenge_data_36.txt,C
challenge_data_37.txt,D
challenge_data_38.txt,B
challenge_data_39.txt,E
challenge_data_40.txt,B
challenge_data_41.txt,A
challenge_data_42.txt,C
challenge_data_43.txt,A
challenge_data_44.txt,D
challenge_data_45.txt,B
challenge_data_46.txt,A
challenge_data_47.txt,A
challenge_data_48.txt,D
challenge_data_49.txt,C
challenge_data_50.txt,C
challenge_data_51.txt,A
challenge_data_52.txt,C
challenge_data_53.txt,A
challenge_data_54.txt,D
challenge_data_55.txt,D
challenge_data_56.txt,A
challenge_data_57.txt,B
challenge_data_58.txt,E
challenge_data_59.txt,E
challenge_data_60.txt,A
challenge_data_61.txt,E
challenge_data_62.txt,B
challenge_data_63.txt,C
challenge_data_64.txt,D
challenge_data_65.txt,A
challenge_data_66.txt,A
challenge_data_67.txt,B
challenge_data_68.txt,A
challenge_data_69.txt,E
challenge_data_70.txt,E
challenge_data_71.txt,B
challenge_data_72.txt,A
challenge_data_73.txt,E
challenge_data_74.txt,B
challenge_data_75.txt,E
challenge_data_76.txt,A
challenge_data_77.txt,A
challenge_data_78.txt,C
challenge_data_79.txt,B
challenge_data_80.txt,A
challenge_data_81.txt,E
challenge_data_82.txt,A
challenge_data_83.txt,C
challenge_data_84.txt,D
challenge_data_85.txt,C
challenge_data_86.txt,A
challenge_data_87.txt,B
challenge_data_88.txt,D
challenge_data_89.txt,A
challenge_data_90.txt,A
challenge_data_91.txt,B
challenge_data_92.txt,D
challenge_data_93.txt,B
challenge_data_94.txt,B
challenge_data_95.txt,C
challenge_data_96.txt,A
challenge_data_97.txt,B
challenge_data_98.txt,D
challenge_data_99.txt,A
challenge_data_100.txt,E
challenge_data_101.txt,C
challenge_data_102.txt,B
challenge_data_103.txt,A
challenge_data_104.txt,E
challenge_data_105.txt,B
challenge_data_106.txt,E
challenge_data_107.txt,D
challenge_data_108.txt,B
challenge_data_109.txt,C
challenge_data_110.txt,D
challenge_data_111.txt,E
challenge_data_112.txt,A
challenge_data_113.txt,E
challenge_data_114.txt,E
challenge_data_115.txt,E
challenge_data_116.txt,A
challenge_data_117.txt,C
challenge_data_118.txt,A
challenge_data_119.txt,D
challenge_data_120.txt,A
challenge_data_121.txt,C
challenge_data_122.txt,A
challenge_data_123.txt,B
challenge_data_124.txt,E
challenge_data_125.txt,B
challenge_data_126.txt,C
challenge_data_127.txt,A
challenge_data_128.txt,E
challenge_data_129.txt,E
challenge_data_130.txt,D
challenge_data_131.txt,A
challenge_data_132.txt,E
challenge_data_133.txt,C
challenge_data_134.txt,D
challenge_data_135.txt,C
challenge_data_136.txt,B
challenge_data_137.txt,A
challenge_data_138.txt,E
challenge_data_139.txt,C
challenge_data_140.txt,C
challenge_data_141.txt,D
challenge_data_142.txt,B
challenge_data_143.txt,C
challenge_data_144.txt,E
challenge_data_145.txt,E
challenge_data_146.txt,A
challenge_data_147.txt,C
challenge_data_148.txt,B
challenge_data_149.txt,E
challenge_data_150.txt,D
challenge_data_151.txt,E
challenge_data_152.txt,B
challenge_data_153.txt,E
challenge_data_154.txt,E
challenge_data_155.txt,A
challenge_data_156.txt,E
challenge_data_157.txt,C
challenge_data_158.txt,B
challenge_data_159.txt,E
challenge_data_160.txt,B
challenge_data_161.txt,A
challenge_data_162.txt,C
challenge_data_163.txt,B
challenge_data_164.txt,A
challenge_data_165.txt,A
challenge_data_166.txt,B
challenge_data_167.txt,B
challenge_data_168.txt,C
challenge_data_169.txt,B
challenge_data_170.txt,C
challenge_data_171.txt,D
challenge_data_172.txt,D
challenge_data_173.txt,B
challenge_data_174.txt,E
challenge_data_175.txt,D
challenge_data_176.txt,A
challenge_data_177.txt,B
challenge_data_178.txt,C
challenge_data_179.txt,E
challenge_data_180.txt,E
challenge_data_181.txt,B
challenge_data_182.txt,D
challenge_data_183.txt,B
challenge_data_184.txt,B
challenge_data_185.txt,E
challenge_data_186.txt,B
challenge_data_187.txt,B
challenge_data_188.txt,B
challenge_data_189.txt,B
challenge_data_190.txt,D
challenge_data_191.txt,C
challenge_data_192.txt,B
challenge_data_193.txt,C
challenge_data_194.txt,B
challenge_data_195.txt,E
challenge_data_196.txt,A
challenge_data_197.txt,B
challenge_data_198.txt,C
challenge_data_199.txt,A
challenge_data_200.txt,D
challenge_data_201.txt,A
challenge_data_202.txt,D
challenge_data_203.txt,D
challenge_data_204.txt,E
challenge_data_205.txt,A
challenge_data_206.txt,D
challenge_data_207.txt,A
challenge_data_208.txt,A
challenge_data_209.txt,D
challenge_data_210.txt,D
challenge_data_211.txt,A
challenge_data_212.txt,E
challenge_data_213.txt,A
challenge_data_214.txt,A
challenge_data_215.txt,B
challenge_data_216.txt,E
challenge_data_217.txt,C
challenge_data_218.txt,C
challenge_data_219.txt,B
challenge_data_220.txt,B
challenge_data_221.txt,C
challenge_data_222.txt,A
challenge_data_223.txt,B
challenge_data_224.txt,A
challenge_data_225.txt,B
challenge_data_226.txt,D
challenge_data_227.txt,A
challenge_data_228.txt,A
challenge_data_229.txt,E
challenge_data_230.txt,D
challenge_data_231.txt,C
challenge_data_232.txt,A
challenge_data_233.txt,C
challenge_data_234.txt,E
challenge_data_235.txt,D
challenge_data_236.txt,C
challenge_data_237.txt,D
challenge_data_238.txt,D
challenge_data_239.txt,C
challenge_data_240.txt,C
challenge_data_241.txt,C
challenge_data_242.txt,B
challenge_data_243.txt,B
challenge_data_244.txt,B
challenge_data_245.txt,A
challenge_data_246.txt,C
challenge_data_247.txt,A
challenge_data_248.txt,D
challenge_data_249.txt,D
challenge_data_250.txt,D
challenge_data_251.txt,B
challenge_data_252.txt,E
challenge_data_253.txt,A
challenge_data_254.txt,D
challenge_data_255.txt,D
challenge_data_256.txt,A
challenge_data_257.txt,B
challenge_data_258.txt,A
challenge_data_259.txt,B
challenge_data_260.txt,A
challenge_data_261.txt,A
challenge_data_262.txt,A
challenge_data_263.txt,B
challenge_data_264.txt,D
challenge_data_265.txt,E
challenge_data_266.txt,B
challenge_data_267.txt,C
challenge_data_268.txt,B
challenge_data_269.txt,B
challenge_data_270.txt,B
challenge_data_271.txt,D
challenge_data_272.txt,C
challenge_data_273.txt,C
challenge_data_274.txt,B
challenge_data_275.txt,B
challenge_data_276.txt,E
challenge_data_277.txt,C
challenge_data_278.txt,D
challenge_data_279.txt,E
challenge_data_280.txt,E
challenge_data_281.txt,B
challenge_data_282.txt,D
challenge_data_283.txt,E
challenge_data_284.txt,C
challenge_data_285.txt,A
challenge_data_286.txt,E
challenge_data_287.txt,B
challenge_data_288.txt,B
challenge_data_289.txt,B
challenge_data_290.txt,C
challenge_data_291.txt,D
challenge_data_292.txt,C
challenge_data_293.txt,C
challenge_data_294.txt,B
challenge_data_295.txt,A
challenge_data_296.txt,D
challenge_data_297.txt,C
challenge_data_298.txt,A
challenge_data_299.txt,D
challenge_data_300.txt,D
challenge_data_301.txt,B
challenge_data_302.txt,E
challenge_data_303.txt,A
challenge_data_304.txt,B
challenge_data_305.txt,B
challenge_data_306.txt,D
challenge_data_307.txt,B
challenge_data_308.txt,D
challenge_data_309.txt,D
challenge_data_310.txt,D
challenge_data_311.txt,B
challenge_data_312.txt,C
challenge_data_313.txt,C
challenge_data_314.txt,D
challenge_data_315.txt,C
challenge_data_316.txt,D
challenge_data_317.txt,E
challenge_data_318.txt,B
challenge_data_319.txt,B
challenge_data_320.txt,B
challenge_data_321.txt,D
challenge_data_322.txt,B
challenge_data_323.txt,E
challenge_data_324.txt,C
challenge_data_325.txt,D
challenge_data_326.txt,E
challenge_data_327.txt,D
challenge_data_328.txt,E
challenge_data_329.txt,B
challenge_data_330.txt,B
challenge_data_331.txt,D
challenge_data_332.txt,E
challenge_data_333.txt,C
challenge_data_334.txt,D
challenge_data_335.txt,E
challenge_data_336.txt,E
challenge_data_337.txt,B
challenge_data_338.txt,D
challenge_data_339.txt,D
challenge_data_340.txt,D
challenge_data_341.txt,D
challenge_data_342.txt,C
challenge_data_343.txt,B
challenge_data_344.txt,D
challenge_data_345.txt,D
challenge_data_346.txt,A
challenge_data_347.txt,C
challenge_data_348.txt,C
challenge_data_349.txt,C
challenge_data_350.txt,C
challenge_data_351.txt,D
challenge_data_352.txt,A
challenge_data_353.txt,C
challenge_data_354.txt,D
challenge_data_355.txt,E
challenge_data_356.txt,A
challenge_data_357.txt,B
challenge_data_358.txt,B
challenge_data_359.txt,C
challenge_data_360.txt,A
challenge_data_361.txt,A
challenge_data_362.txt,A
challenge_data_363.txt,E
challenge_data_364.txt,C
challenge_data_365.txt,B
challenge_data_366.txt,A
challenge_data_367.txt,D
challenge_data_368.txt,B
challenge_data_369.txt,E
challenge_data_370.txt,D
challenge_data_371.txt,C
challenge_data_372.txt,A
challenge_data_373.txt,E
challenge_data_374.txt,A
challenge_data_375.txt,E
challenge_data_376.txt,D
challenge_data_377.txt,B
challenge_data_378.txt,A
challenge_data_379.txt,E
challenge_data_380.txt,A
challenge_data_381.txt,C
challenge_data_382.txt,E
challenge_data_383.txt,E
challenge_data_384.txt,E
challenge_data_385.txt,A
challenge_data_386.txt,B
challenge_data_387.txt,C
challenge_data_388.txt,A
challenge_data_389.txt,E
challenge_data_390.txt,A
challenge_data_391.txt,C
challenge_data_392.txt,D
challenge_data_393.txt,C
challenge_data_394.txt,E
challenge_data_395.txt,D
challenge_data_396.txt,B
challenge_data_397.txt,D
challenge_data_398.txt,D
challenge_data_399.txt,D
challenge_data_400.txt,B
challenge_data_401.txt,B
challenge_data_402.txt,B
challenge_data_403.txt,E
challenge_data_404.txt,D
challenge_data_405.txt,B
challenge_data_406.txt,B
challenge_data_407.txt,A
challenge_data_408.txt,E
challenge_data_409.txt,C
challenge_data_410.txt,B
challenge_data_411.txt,E
challenge_data_412.txt,E
challenge_data_413.txt,C
challenge_data_414.txt,A
challenge_data_415.txt,E
challenge_data_416.txt,B
challenge_data_417.txt,C
challenge_data_418.txt,D
challenge_data_419.txt,E
challenge_data_420.txt,D
challenge_data_421.txt,D
challenge_data_422.txt,D
challenge_data_423.txt,D
challenge_data_424.txt,B
challenge_data_425.txt,D
challenge_data_426.txt,C
challenge_data_427.txt,B
challenge_data_428.txt,B
challenge_data_429.txt,A
challenge_data_430.txt,C
challenge_data_431.txt,E
challenge_data_432.txt,A
challenge_data_433.txt,A
challenge_data_434.txt,B
challenge_data_435.txt,C
challenge_data_436.txt,A
challenge_data_437.txt,A
challenge_data_438.txt,E
challenge_data_439.txt,D
challenge_data_440.txt,B
challenge_data_441.txt,B
challenge_data_442.txt,A
challenge_data_443.txt,B
challenge_data_444.txt,A
challenge_data_445.txt,D
challenge_data_446.txt,E
challenge_data_447.txt,C
challenge_data_448.txt,A
challenge_data_449.txt,D
challenge_data_450.txt,A
challenge_data_451.txt,C
challenge_data_452.txt,D
challenge_data_453.txt,A
challenge_data_454.txt,B
challenge_data_455.txt,A
challenge_data_456.txt,D
challenge_data_457.txt,D
challenge_data_458.txt,C
challenge_data_459.txt,E
challenge_data_460.txt,E
challenge_data_461.txt,C
challenge_data_462.txt,A
challenge_data_463.txt,C
challenge_data_464.txt,C
challenge_data_465.txt,D
challenge_data_466.txt,D
challenge_data_467.txt,C
challenge_data_468.txt,E
challenge_data_469.txt,B
challenge_data_470.txt,C
challenge_data_471.txt,A
challenge_data_472.txt,A
challenge_data_473.txt,C
challenge_data_474.txt,C
challenge_data_475.txt,E
challenge_data_476.txt,E
challenge_data_477.txt,D
challenge_data_478.txt,B
challenge_data_479.txt,E
challenge_data_480.txt,D
challenge_data_481.txt,E
challenge_data_482.txt,B
challenge_data_483.txt,E
challenge_data_484.txt,E
challenge_data_485.txt,D
challenge_data_486.txt,B
challenge_data_487.txt,E
challenge_data_488.txt,E
challenge_data_489.txt,C
challenge_data_490.txt,D
challenge_data_491.txt,B
challenge_data_492.txt,D
challenge_data_493.txt,B
challenge_data_494.txt,E
challenge_data_495.txt,B
challenge_data_496.txt,C
challenge_data_497.txt,D
challenge_data_498.txt,A
challenge_data_499.txt,B